<?xml version="1.0" encoding="UTF-8"?>
<project-private xmlns="http://www.netbeans.org/ns/project-private/1">
    <editor-bookmarks xmlns="http://www.netbeans.org/ns/editor-bookmarks/2" lastBookmarkId="0"/>
    <open-files xmlns="http://www.netbeans.org/ns/projectui-open-files/2">
        <group>
            <file>file:/C:/Users/afrom/Downloads/ITM_ED_Ordenamientos-main/src/ordenamientodatos/OrdenamientoDatos.java</file>
            <file>file:/C:/Users/afrom/Downloads/ITM_ED_Ordenamientos-main/src/ordenamientodatos/Archivo.java</file>
            <file>file:/C:/Users/afrom/Downloads/ITM_ED_Ordenamientos-main/src/ordenamientodatos/FrmDocumentos.java</file>
            <file>file:/C:/Users/afrom/Downloads/ITM_ED_Ordenamientos-main/src/ordenamientodatos/Util.java</file>
            <file>file:/C:/Users/afrom/Downloads/ITM_ED_Ordenamientos-main/src/ordenamientodatos/Documento.java</file>
        </group>
    </open-files>
</project-private>
